id,prediction,proba_class_0,proba_class_1,proba_class_2
136060,2,0.29241306,0.32041496,0.38717198
211333,0,0.35663673,0.3278915,0.31547174
1233961,1,0.3033177,0.44145355,0.2552288
