id,prediction,proba_class_0,proba_class_1,proba_class_2
136060,2,0.2878588,0.282141,0.4300002
211333,2,0.28787857,0.28216195,0.42995942
1233961,2,0.28786996,0.28217882,0.42995122
