id,prediction,proba_class_0,proba_class_1,proba_class_2
136060,1,0.2896681,0.36926898,0.34106293
211333,0,0.36933413,0.32966855,0.30099732
1233961,1,0.35952225,0.37431148,0.2661663
