id,prediction,proba_class_0,proba_class_1,proba_class_2
136060,2,0.2657445,0.356755,0.37750047
211333,0,0.3684167,0.3572851,0.27429816
1233961,1,0.33607942,0.39489725,0.26902333
