id,prediction,proba_class_0,proba_class_1,proba_class_2
136060,1,0.19420033317341226,0.5889830812870334,0.21681658553955446
211333,2,0.375108444834629,0.2288781405962723,0.39601341456909855
1233961,1,0.3482762974303884,0.44369658820586855,0.20802711436374313
