id,prediction,proba_class_0,proba_class_1,proba_class_2
136060,1,0.0702184486747207,0.48324529562858803,0.4465362556966913
211333,0,0.596229869270092,0.22667073880056288,0.17709939192934512
1233961,0,0.4022570167217771,0.38152649165788566,0.21621649162033726
