id,prediction,proba_class_0,proba_class_1,proba_class_2
136060,2,0.30359697,0.31682795,0.37957507
211333,0,0.3587231,0.34977326,0.29150364
1233961,1,0.32337236,0.4031507,0.27347693
