id,prediction,proba_class_0,proba_class_1,proba_class_2
136060,2,0.23077638,0.31739128,0.45183235
211333,0,0.3841102,0.27401337,0.34187645
1233961,1,0.24770837,0.4889087,0.2633829
