id,prediction,proba_class_0,proba_class_1,proba_class_2
136060,2,0.14934336,0.2725469,0.57810974
211333,1,0.19307397,0.5007958,0.30613032
1233961,0,0.40798798,0.27177858,0.32023343
