id,prediction,proba_class_0,proba_class_1,proba_class_2
136060,2,0.27058357,0.25310585,0.47631055
211333,0,0.47749743,0.24519518,0.27730745
1233961,0,0.38230255,0.2909736,0.3267238
