id,prediction,proba_class_0,proba_class_1,proba_class_2
136060,2,0.18733871,0.17556314,0.63709813
211333,0,0.36213875,0.3298528,0.30800846
1233961,0,0.35973173,0.2933767,0.34689155
