id,prediction,proba_class_0,proba_class_1,proba_class_2
136060,2,0.30160666,0.311413,0.38698035
211333,0,0.3544237,0.350595,0.2949813
1233961,1,0.27645624,0.43760353,0.28594023
