id,prediction,proba_class_0,proba_class_1,proba_class_2
136060,2,0.30938166,0.30654186,0.38407645
211333,0,0.3961268,0.31696063,0.2869126
1233961,0,0.36580333,0.35664552,0.2775511
