id,prediction,proba_class_0,proba_class_1,proba_class_2
136060,2,0.19417945528201366,0.2894491390244485,0.5163714056935378
211333,2,0.3475212789688177,0.25419013216202824,0.39828858886915397
1233961,1,0.28332533281546574,0.4499335210426632,0.266741146141871
