id,prediction,proba_class_0,proba_class_1,proba_class_2
136060,1,0.16319032,0.72608966,0.11072003
211333,1,0.13128166,0.6063186,0.26239976
1233961,1,0.3099944,0.40076354,0.28924203
