id,prediction,proba_class_0,proba_class_1,proba_class_2
136060,2,0.27994603,0.32234645,0.39770752
211333,0,0.3520507,0.33402666,0.3139226
1233961,1,0.2599576,0.45654097,0.28350145
