id,prediction,proba_class_0,proba_class_1,proba_class_2
136060,2,0.2715028,0.34571493,0.3827823
211333,1,0.3398238,0.35741165,0.3027645
1233961,1,0.29429445,0.4221781,0.28352746
