id,prediction,proba_class_0,proba_class_1,proba_class_2
136060,2,0.3188067,0.32917148,0.35202175
211333,1,0.33832175,0.36783737,0.2938409
1233961,1,0.35184458,0.3727737,0.2753817
