id,prediction,proba_class_0,proba_class_1,proba_class_2
136060,2,0.18912098,0.17808808,0.632791
211333,1,0.28176498,0.4037365,0.31449848
1233961,0,0.37598512,0.33428746,0.2897274
