id,prediction,proba_class_0,proba_class_1,proba_class_2
136060,0,0.3483533,0.3447865,0.30686015
211333,0,0.3483533,0.3447865,0.30686015
1233961,0,0.3483533,0.3447865,0.30686015
