id,prediction,proba_class_0,proba_class_1,proba_class_2
136060,2,0.32367414,0.33484071,0.3414851
211333,1,0.3448177,0.35503414,0.3001482
1233961,1,0.35363966,0.36455646,0.2818039
